	filename	author	creator	producer	subject	title
0	coalex_337.pdf	dkovaluk	Acrobat PDFMaker 10.1 for Word	Adobe PDF Library 10.0	Applicablility of state administrative procedure act provisions to SMCRA; decisions RE: replacement of water supply	COALEX State Inquiry Report - 337
1	coalex_172.pdf	dkovaluk	Acrobat PDFMaker 10.1 for Word	Adobe PDF Library 10.0	Inablity to comply	COALEX State Inquiry Report - 172
2	coalex_079.pdf	dkovaluk	Acrobat PDFMaker 10.1 for Word	Adobe PDF Library 10.0	Overlapping MSHA/SMCRA Impoundments	Coalex State Inquiry Report - 79
3	coalex_223.pdf	dkovaluk	Acrobat PDFMaker 10.1 for Word	Adobe PDF Library 10.0	Organization of title IV and Title V regulatory agencies	COALEX State Inquiry Report - 223
4	coalex_253.pdf	dkovaluk	Acrobat PDFMaker 10.1 for Word	Adobe PDF Library 10.0	Grazing violations 	COALEX State Inquiry Report - 253
5	coalex_269.pdf	dkovaluk	Acrobat PDFMaker 10.1 for Word	Adobe PDF Library 10.0	"Surety as ""Permittee"" or ""Operator"""	COALEX State Inquiry Report - 269
6	coalex_028.pdf	dkovaluk	Microsoft® Word 2010	Microsoft® Word 2010	Reclamation of Previously Distrubed Areas	Coalex State Inquiry Report - 28
7	coalex_191.pdf	dkovaluk	Acrobat PDFMaker 10.1 for Word	Adobe PDF Library 10.0	"Is fill dirt considered a ""mineral"" for regulatory purposes?"	COALEX State Inquiry Report - 191
8	coalex_288.pdf	dkovaluk	Acrobat PDFMaker 10.1 for Word	Adobe PDF Library 10.0	Right of entry on navigable waterway	COALEX State Inquiry Report - 288
9	coalex_087.pdf	dkovaluk	Acrobat PDFMaker 10.1 for Word	Adobe PDF Library 10.0	Legislative History of SMCRA Section 519(c)	Coalex State Inquiry Report - 87
10	coalex_175.pdf	dkovaluk	Acrobat PDFMaker 10.1 for Word	Adobe PDF Library 10.0	400 Year precipitaion event: Liambilities and remedies for off-site damage	COALEX State Inquiry Report - 175
11	coalex_096.pdf	dkovaluk	Acrobat PDFMaker 10.1 for Word	Adobe PDF Library 10.0	Mine Subsidence (Addendum on Coalex State Inquiry Report - 67)	Coalex State Inquiry Report - 96
12	coalex_279.pdf	dkovaluk	Acrobat PDFMaker 10.1 for Word	Adobe PDF Library 10.0	Operator/permittee liability for fees; ownership and control/applicant violator system	COALEX State Inquiry Report - 279
13	coalex_005.pdf	dkovaluk	Microsoft® Word 2010	Microsoft® Word 2010	Bond Forfeiture	Coalex State Inquiry Report - 5
14	coalex_162.pdf	dkovaluk	Acrobat PDFMaker 10.1 for Word	Adobe PDF Library 10.0	Bond Forfeiture: Renumbered bond	Coalex State Inquiry Report - 162
15	coalex_094.pdf	dkovaluk	Acrobat PDFMaker 10.1 for Word	Adobe PDF Library 10.0	State Abandoned Mine Land Reclamation Regulations	Coalex State Inquiry Report - 94
16	coalex_133.pdf	dkovaluk	Acrobat PDFMaker 10.1 for Word	Adobe PDF Library 10.0	Exemption for government-financed construction	Coalex State Inquiry Report - 133
17	coalex_343.pdf	dkovaluk	Microsoft® Word 2010	Microsoft® Word 2010	Permitting of noncoal surface mining operations	COALEX State Inquiry Report - 343
18	coalex_281.pdf	dkovaluk	Acrobat PDFMaker 10.1 for Word	Adobe PDF Library 10.0	Eligibility for attorney's fees	COALEX State Inquiry Report - 281
19	coalex_174.pdf	dkovaluk	Acrobat PDFMaker 10.1 for Word	Adobe PDF Library 10.0	Agencies responsible for issuing surface mining and NPDES permits	COALEX State Inquiry Report - 174
20	coalex_213.pdf	dkovaluk	Acrobat PDFMaker 10.1 for Word	Adobe PDF Library 10.0	Lands unsuitable; valid existing rights; takings (incudes COALEX State Inquiry Reports - 139, 155, 156, and 189)	COALEX State Inquiry Report - 213
21	coalex_190.pdf	dkovaluk	Acrobat PDFMaker 10.1 for Word	Adobe PDF Library 10.0	Varience from AOC for partial mountaintop removal	COALEX State Inquiry Report - 190
22	coalex_227.pdf	dkovaluk	Acrobat PDFMaker 10.1 for Word	Adobe PDF Library 10.0	Citizens' request for federal inspection: liability for injury	COALEX State Inquiry Report -227
23	coalex_100.pdf	dkovaluk	Acrobat PDFMaker 10.1 for Word	Adobe PDF Library 10.0	Reclamation Responsibility 	Coalex State Inquiry Report - 100
24	coalex_098.pdf	dkovaluk	Acrobat PDFMaker 10.1 for Word	Adobe PDF Library 10.0	"Devinition of ""Reasonaly Available Spoil"""	Coalex State Inquiry Report -98
25	coalex_239.pdf	dkovaluk	Acrobat PDFMaker 10.1 for Word	Adobe PDF Library 10.0	Historic and archaeologic resources	COALEX State Inquiry Report - 239
26	coalex_053.pdf	dkovaluk	Acrobat PDFMaker 10.1 for Word	Adobe PDF Library 10.0	Revegetation Requirements 	Coalex State Inquiry Report - 53
27	coalex_116.pdf	dkovaluk	Acrobat PDFMaker 10.1 for Word	Adobe PDF Library 10.0	Subsidence: an oversight of significant issues	Coalex State Inquiry Report - 116
28	coalex_044.pdf	dkovaluk	Microsoft® Word 2010	Microsoft® Word 2010	"State's ""Bond Pool"" Systems and oal Exploration Requirements"	Coalex State Inquiry Report - 44
29	coalex_201.pdf	dkovaluk	Acrobat PDFMaker 10.1 for Word	Adobe PDF Library 10.0	"Legislative history of phase ""Owned or controlled"""	COALEX State Inquiry Report - 201
30	coalex_020.pdf	dkovaluk	Microsoft® Word 2010	Microsoft® Word 2010	(1) Intervention/Hearings and Appeals; (2) Interest Rate of Civil Penalty Reimbursement 	Coalex State Inquiry Report - 20
31	coalex_308.pdf	dkovaluk	Acrobat PDFMaker 10.1 for Word	Adobe PDF Library 10.0	"""In connection with"""	COALEX State Inquiry Report - 308
32	coalex_226.pdf	dkovaluk	Acrobat PDFMaker 10.1 for Word	Adobe PDF Library 10.0	Effluent limitations requirements and damage from previous mining 	COALEX State Inquiry Report - 226
33	coalex_031.pdf	dkovaluk	Microsoft® Word 2010	Microsoft® Word 2010	Operator Ceritification for Underground Mining; Bonding Costs; State Civil Penalty Data; and NOV Variance	Coalex State Inquiry Report - 31
34	coalex_159.pdf	dkovaluk	Acrobat PDFMaker 10.1 for Word	Adobe PDF Library 10.0	Review of permit applications; subsidence	Coalex State Inquiry Report - 159
35	coalex_325.pdf	dkovaluk	Acrobat PDFMaker 10.1 for Word	Adobe PDF Library 10.0	"Definition of ""Structure"" on abandoned mine sites"	COALEX State Inquiry Report - 325
36	coalex_124.pdf	dkovaluk	Acrobat PDFMaker 10.1 for Word	Adobe PDF Library 10.0	Bonding programs	Coalex State Inquiry Report - 124
37	coalex_080.pdf	dkovaluk	Acrobat PDFMaker 10.1 for Word	Adobe PDF Library 10.0	"Definition of ""Approximate Original Contour"""	Coalex State Inquiry Report - 80
38	coalex_252.pdf	dkovaluk	Acrobat PDFMaker 10.1 for Word	Adobe PDF Library 10.0	Notices of violation	COALEX State Inquiry Report - 252
39	coalex_344.pdf	dkovaluk	Acrobat PDFMaker 10.1 for Word	Adobe PDF Library 10.0	Transferability of VER for Haul roads	COALEX State Inquiry Report - 344
40	coalex_070.pdf	dkovaluk	Acrobat PDFMaker 10.1 for Word	Adobe PDF Library 10.0	Midterm Permit Review	Coalex State Inquiry Report - 70
41	coalex_065.pdf	dkovaluk	Acrobat PDFMaker 10.1 for Word	Adobe PDF Library 10.0	Subsidence Regulation--Extraction Percentages	Coalex State Inquiry Report - 65
42	coalex_346.pdf	dkovaluk	Acrobat PDFMaker 10.1 for Word	Adobe PDF Library 10.0	Damage to structures and replacement of water supplies	COALEX State Inquiry Report - 346
43	coalex_084.pdf	dkovaluk	Acrobat PDFMaker 10.1 for Word	Adobe PDF Library 10.0	Abandoned Mine Lands Funding Eligibilty 	Coalex State Inquiry Report - 84
44	coalex_045.pdf	dkovaluk	Microsoft® Word 2010	Microsoft® Word 2010		Coalex State Inquiry Report - 45
45	coalex_282.pdf	dkovaluk	Acrobat PDFMaker 10.1 for Word	Adobe PDF Library 10.0	"Definition of ""Damage"" in phrase""protect offsite areas form slides and damage"""	COALEX State Inquiry Report - 282
46	coalex_266.pdf	dkovaluk	Acrobat PDFMaker 10.1 for Word	Adobe PDF Library 10.0	Attorneys' fees	COALEX State Inquiry Report - 266
47	coalex_238.pdf	dkovaluk	Microsoft® Word 2010	Microsoft® Word 2010	Permit and acreage fees	COALEX State Inquiry Report - 238
48	coalex_142.pdf	dkovaluk	Acrobat PDFMaker 10.1 for Word	Adobe PDF Library 10.0	Fish and wildlife information requiremenst	Coalex State Inquiry Report - 142
49	coalex_135.pdf	dkovaluk	Acrobat PDFMaker 10.1 for Word	Adobe PDF Library 10.0	"Definition of ""Mine stability"""	Coalex State Inquiry Report - 135
50	coalex_038.pdf	dkovaluk	Microsoft® Word 2010	Microsoft® Word 2010	Elimination of Highwalls	Coalex State Inquiry Report - 38
51	coalex_256.pdf	dkovaluk	Microsoft® Word 2010	Microsoft® Word 2010	Application of coal mine waste regulations in backfill operations	COALEX State Inquiry Report - 256
52	coalex_173.pdf	dkovaluk	Acrobat PDFMaker 10.1 for Word	Adobe PDF Library 10.0	Coal removal incident to private development	COALEX State Comparison Report - 173
53	coalex_030.pdf	dkovaluk	Microsoft® Word 2010	Microsoft® Word 2010	Loading Facility/Surface Mining Operations	Coalex State Inquiry Report - 30
54	coalex_232.pdf	dkovaluk	Acrobat PDFMaker 10.1 for Word	Adobe PDF Library 10.0	"Definition of ""Operator"""	COALEX State Inquiry Report - 232
55	coalex_295.pdf	dkovaluk	Acrobat PDFMaker 10.1 for Word	Adobe PDF Library 10.0		COALEX State Inquiry Report - 295
56	coalex_312.pdf	dkovaluk	Acrobat PDFMaker 10.1 for Word	Adobe PDF Library 10.0	"Is a bankruptcy trustee considered an ""owner or Operator"""	COALEX State Inquiry Report - 312
57	coalex_214.pdf	dkovaluk	Acrobat PDFMaker 10.1 for Word	Adobe PDF Library 10.0	"Definitions of ""Timing and frequency of blasts"""	COALEX State Inquiry Report - 214
58	coalex_199.pdf	dkovaluk	Acrobat PDFMaker 10.1 for Word	Adobe PDF Library 10.0	Increasing bond for operator in bankruptcy (exeption from automatic stay provisions of section 362 of bankruptcy code)	COALEX State Inquiry Report - 199
59	coalex_210.pdf	dkovaluk	Microsoft® Word 2010	Microsoft® Word 2010	"Definition of test for ""Valid existing rights (VER), Subsidence: Compensation for damaged structures and water supply"	COALEX State Inquiry Report - 210
60	coalex_120.pdf	dkovaluk	Acrobat PDFMaker 10.1 for Word	Adobe PDF Library 10.0	Attorney Fees	Coalex State Inquiry Report - 120
61	coalex_304.pdf	dkovaluk	Acrobat PDFMaker 10.1 for Word	Adobe PDF Library 10.0	"Federal inspections-defintion of arbitrary capricious or an abuse of discretion"" under 30 CFR 842.11(b)(ii)(B)(2)"	COALEX State Inquiry Report - 304
62	coalex_271.pdf	dkovaluk	Acrobat PDFMaker 10.1 for Word	Adobe PDF Library 10.0	Revedgetation productivity measurements	COALEX State Inquiry Report - 271
63	coalex_299.pdf	dkovaluk	Acrobat PDFMaker 10.1 for Word	Adobe PDF Library 10.0	Material damage to structures as a result of subsidence	COALEX State Inquiry Report - 299
64	coalex_298.pdf	dkovaluk	Acrobat PDFMaker 10.1 for Word	Adobe PDF Library 10.0	755.11(B) Hearing within 30 Days of permit denial and decision withing 30 days of hearing	COALEX State Inquiry Report - 298
65	coalex_033.pdf	dkovaluk	Microsoft® Word 2010	Microsoft® Word 2010		Coalex State Inquiry Report - 33
66	coalex_244.pdf	dkovaluk	Acrobat PDFMaker 10.1 for Word	Adobe PDF Library 10.0	Regulation of sand and gravel mining	COALEX State Inquiry Report - 244
67	coalex_013.pdf	dkovaluk	Microsoft® Word 2010	Microsoft® Word 2010	Valid Existing Rights (VER)	Coalex State Inquiry Report - 13
68	coalex_083.pdf	dkovaluk	Acrobat PDFMaker 10.1 for Word	Adobe PDF Library 10.0	Small Depressions	Coalex State Inquiry Report - 83
69	coalex_131.pdf	dkovaluk	Acrobat PDFMaker 10.1 for Word	Adobe PDF Library 10.0	Individual liability of corporate officer, director or agent	Coalex State Inquiry Report - 131
70	coalex_319.pdf	dkovaluk	Acrobat PDFMaker 10.1 for Word	Adobe PDF Library 10.0	Monitoring ground vibration limits	COALEX State Inquiry Report - 319
71	coalex_037.pdf	dkovaluk	Microsoft® Word 2010	Microsoft® Word 2010	Alternative Bonding Programs	Coalex State Inquiry Report - 37
72	coalex_345.pdf	dkovaluk	Acrobat PDFMaker 10.1 for Word	Adobe PDF Library 10.0	Use of Taggants in explosives	COALEX State Inquiry Report - 345
73	coalex_010.pdf	dkovaluk	Microsoft® Word 2010	Microsoft® Word 2010	Water Quality and Control Policy 	Coalex State Inquiry Report - 10
74	coalex_221.pdf	dkovaluk	Acrobat PDFMaker 10.1 for Word	Adobe PDF Library 10.0	NPDES processing fees for surface coal mines	COALEX State Inquiry Report - 221
75	coalex_064.pdf	dkovaluk	Acrobat PDFMaker 10.1 for Word	Adobe PDF Library 10.0	Blastering Certification	Coalex State Inquiry Report - 64
76	coalex_228.pdf	dkovaluk	Acrobat PDFMaker 10.1 for Word	Adobe PDF Library 10.0	Incidental boundary revisions and insignificant permit revisions	COALEX State Inquiry Report - 228
77	coalex_215.pdf	dkovaluk	Acrobat PDFMaker 10.1 for Word	Adobe PDF Library 10.0	Water quality standards and effluent limitations	COALEX State Inquiry Report - 215
78	coalex_257.pdf	dkovaluk	Acrobat PDFMaker 10.1 for Word	Adobe PDF Library 10.0	Bond release: Presence of AMD seep	COALEX State Inquiry Report - 257
79	coalex_348.pdf	dkovaluk	Acrobat PDFMaker 10.1 for Word	Adobe PDF Library 10.0	"What constitutes ""receipt"" of a record for a FOIA request?"	COALEX State Inquiry Report - 348
80	coalex_089.pdf	dkovaluk	Acrobat PDFMaker 10.1 for Word	Adobe PDF Library 10.0	Requirements of SMCRA Sec. 522(a)(4)(B)	Coalex State Inquiry Report - 89
81	coalex_254.pdf	dkovaluk	Acrobat PDFMaker 10.1 for Word	Adobe PDF Library 10.0	State program amendments on contemporaneous reclamation and time and distance requirements for backilling and grading	COALEX State Inquiry Report - 254
82	coalex_104.pdf	dkovaluk	Acrobat PDFMaker 10.1 for Word	Adobe PDF Library 10.0	Indiana Alj and Ibla Decisions	Coalex State Inquiry Report - 104
83	coalex_307.pdf	dkovaluk	Acrobat PDFMaker 10.1 for Word	Adobe PDF Library 10.0	"Definition of ""Occupied dwelling""; adjudication of property rights"	COALEX State Inquiry Report - 307
84	coalex_109.pdf	dkovaluk	Acrobat PDFMaker 10.1 for Word	Adobe PDF Library 10.0	Duration of Mining permits for non-fuel mines	Coalex State Inquiry Report - 109
85	coalex_170.pdf	dkovaluk	Acrobat PDFMaker 10.1 for Word	Adobe PDF Library 10.0	Disposal of coal processing waste	COALEX State Inquiry Report - 170
86	coalex_088.pdf	dkovaluk	Acrobat PDFMaker 10.1 for Word	Adobe PDF Library 10.0	Pre-existing Structures	Coalex State Inquiry Report - 88
87	coalex_006.pdf	dkovaluk	Microsoft® Word 2010	Microsoft® Word 2010	Court Opinion	Coalex State Inquiry Report - 6
88	coalex_248.pdf	dkovaluk	Acrobat PDFMaker 10.1 for Word	Adobe PDF Library 10.0	"Interpretation of ""first normal period for favorable planting"""	COALEX State Inquiry Report - 248
89	coalex_148.pdf	dkovaluk	Acrobat PDFMaker 10.1 for Word	Adobe PDF Library 10.0	Contractors liability for violations; ownership and control of operations	Coalex State Inquiry Report - 148
90	coalex_342.pdf	dkovaluk	Acrobat PDFMaker 10.1 for Word	Adobe PDF Library 10.0	"522(a)(6) - ""substantial legal and financial commitment"""	COALEX State Inquiry Report - 342
91	coalex_258.pdf	dkovaluk	Acrobat PDFMaker 10.1 for Word	Adobe PDF Library 10.0	Citizen suit provisions: Standing to sue	COALEX State Inquiry Report - 258
92	coalex_069.pdf	dkovaluk	Acrobat PDFMaker 10.1 for Word	Adobe PDF Library 10.0	Regulation of Coal Processing Plants	Coalex State Inquiry Report - 69
93	coalex_167.pdf	dkovaluk	Acrobat PDFMaker 10.1 for Word	Adobe PDF Library 10.0	Auger mining: distance requirements for backfilling and grading	COALEX State Inquiry Report - 167
94	coalex_068.pdf	dkovaluk	Acrobat PDFMaker 10.1 for Word	Adobe PDF Library 10.0	"""Substantial Legal and Financial Commitments"""	Coalex State Inquiry Report - 68
95	coalex_001.pdf	dkovaluk	Microsoft® Word 2010	Microsoft® Word 2010	Indian Burial Grounds; Archaeology 	Coalex State Inquiry Report -1
96	coalex_197.pdf	dkovaluk	Acrobat PDFMaker 10.1 for Word	Adobe PDF Library 10.0	NPDES permits: State set water quality standards	COALEX State Inquiry Report - 197
97	coalex_011.pdf	dkovaluk	Microsoft® Word 2010	Microsoft® Word 2010	P.L. 95-87, SEC. 521 (a)(3) - 90-Day Abatement Period	Coalex State Inquiry Report - 11
98	coalex_311.pdf	dkovaluk	Acrobat PDFMaker 10.1 for Word	Adobe PDF Library 10.0	Water rights and replacement update	COALEX State Inquiry Report - 311
99	coalex_062.pdf	dkovaluk	Acrobat PDFMaker 10.1 for Word	Adobe PDF Library 10.0	Small Operations Assistance Program (SOAP)	Coalex State Inquiry Report - 62
100	coalex_277.pdf	dkovaluk	Acrobat PDFMaker 10.1 for Word	Adobe PDF Library 10.0	"Definition of ""In SITU processes"""	COALEX State Inquiry Report - 277
101	coalex_243.pdf	dkovaluk	Acrobat PDFMaker 10.1 for Word	Adobe PDF Library 10.0	Liability insurance coverage	COALEX State Inquiry Report - 243
102	coalex_196.pdf	dkovaluk	Acrobat PDFMaker 10.1 for Word	Adobe PDF Library 10.0	Transfer of a permit	COALEX State Inquiry Report - 196
103	coalex_334.pdf	dkovaluk	Acrobat PDFMaker 10.1 for Word	Adobe PDF Library 10.0	Public notice requirements for permit modification 	COALEX State Inquiry Report - 334
104	coalex_144.pdf	dkovaluk	Acrobat PDFMaker 10.1 for Word	Adobe PDF Library 10.0	Thrid party interference preventing phase 3 bond release	Coalex State Inquiry Report - 144
105	coalex_259.pdf	dkovaluk	Microsoft® Word 2010	Microsoft® Word 2010	State natural resource commisions as multiple interest boards; definition of employee	COALEX State Inquiry Report - 259
106	coalex_143.pdf	dkovaluk	Acrobat PDFMaker 10.1 for Word	Adobe PDF Library 10.0	Impoundments	Coalex State Inquiry Report - 143
107	coalex_043.pdf	dkovaluk	Microsoft® Word 2010	Microsoft® Word 2010	Civil Penalty Systems	Coalex State Inquiry Report - 43
108	coalex_056.pdf	dkovaluk	Acrobat PDFMaker 10.1 for Word	Adobe PDF Library 10.0	"""Approximate Original Contour"" (AOC)"	Coalex State Inquiry Report - 56
109	coalex_181.pdf	dkovaluk	Acrobat PDFMaker 10.1 for Word	Adobe PDF Library 10.0	Current liability for acid mine drainage unders a pre-SMCRA permit	COALEX State Inquiry Report - 181
110	coalex_328.pdf	dkovaluk	Acrobat PDFMaker 10.1 for Word	Adobe PDF Library 10.0	Attorneys' fees	COALEX State Inquiry Report - 328
111	coalex_004.pdf	dkovaluk	Microsoft® Word 2010	Microsoft® Word 2010	Corporate Officer Liablity 	Coalex State Inquiry Report -4
112	coalex_289.pdf	dkovaluk	Microsoft® Word 2010	Microsoft® Word 2010	Mine risk assessment to determine mine insspection frequency	COALEX State Inquiry Report - 289
113	coalex_163.pdf	dkovaluk	Acrobat PDFMaker 10.1 for Word	Adobe PDF Library 10.0	attorney's fees	Coalex State Inquiry Report - 163
114	coalex_332.pdf	dkovaluk	Acrobat PDFMaker 10.1 for Word	Adobe PDF Library 10.0	Valid existing rights	COALEX State Inquiry Report - 332
115	coalex_147.pdf	dkovaluk	Microsoft® Word 2010	Microsoft® Word 2010	Permit, Acreage and inspection fees [update of Report No. 17, (1984]	Coalex State Inquiry Report - 147
116	coalex_211.pdf	dkovaluk	Acrobat PDFMaker 10.1 for Word	Adobe PDF Library 10.0	Buffer zone for cemeteries 	COALEX State Inquiry Report - 211
117	coalex_185.pdf	dkovaluk	Microsoft® Word 2010	Microsoft® Word 2010	Self-bonding	COALEX State Inquiry Report - 185
118	coalex_107.pdf	dkovaluk	Acrobat PDFMaker 10.1 for Word	Adobe PDF Library 10.0	Effluent limitation requirements	Coalex State Inquiry Report - 107
119	coalex_160.pdf	dkovaluk	Acrobat PDFMaker 10.1 for Word	Adobe PDF Library 10.0	Remining above an abandoned mine site	Coalex State Inquiry Report - 160
120	coalex_025.pdf	dkovaluk	Microsoft® Word 2010	Microsoft® Word 2010	Planned Subsidence	Coalex State Inquiry Report - 25
121	coalex_287.pdf	dkovaluk	Acrobat PDFMaker 10.1 for Word	Adobe PDF Library 10.0	Exemptions for government-financed construction	COALEX State Inquiry Report - 287
122	coalex_301.pdf	dkovaluk	Acrobat PDFMaker 10.1 for Word	Adobe PDF Library 10.0	Legislative history of 1989-90 AML legislation	COALEX State Inquiry Report - 301
123	coalex_292.pdf	dkovaluk	Acrobat PDFMaker 10.1 for Word	Adobe PDF Library 10.0	Highwall elimination and AOC	COALEX State Inquiry Report - 292
124	coalex_236.pdf	dkovaluk	Acrobat PDFMaker 10.1 for Word	Adobe PDF Library 10.0	Pattern of violations	COALEX State Inquiry Report - 236
125	coalex_231.pdf	dkovaluk	Acrobat PDFMaker 10.1 for Word	Adobe PDF Library 10.0	"Ownership and control: ""Related parties"""	COALEX State Inquiry Report - 231
126	coalex_291.pdf	dkovaluk	Acrobat PDFMaker 10.1 for Word	Adobe PDF Library 10.0	"Is fill dirt considered a ""mineral"" for regulatory purposes"""	COALEX State Inquiry Report - 291
127	coalex_128.pdf	dkovaluk	Acrobat PDFMaker 10.1 for Word	Adobe PDF Library 10.0	"Use of AML funds to restore public facilities ""adversely affected by coal mining practices"""	Coalex State Inquiry Report - 128
128	coalex_035.pdf	dkovaluk	Microsoft® Word 2010	Microsoft® Word 2010	Water Rights anjd Replacement	Coalex State Inquiry Report - 35
129	coalex_294.pdf	dkovaluk	Acrobat PDFMaker 10.1 for Word	Adobe PDF Library 10.0	Cydination; chemical leaching	COALEX State Inquiry Report - 294
130	coalex_108.pdf	dkovaluk	Acrobat PDFMaker 10.1 for Word	Adobe PDF Library 10.0	Bankrupt surety company	Coalex State Inquiry Report - 108 
131	coalex_034.pdf	dkovaluk	Microsoft® Word 2010	Microsoft® Word 2010	Incidental Boundary Revision 	Coalex State Inquiry Report - 7
132	coalex_234.pdf	dkovaluk	Acrobat PDFMaker 10.1 for Word	Adobe PDF Library 10.0	Proper Service	COALEX State Inquiry Report - 234
133	coalex_055.pdf	dkovaluk	Acrobat PDFMaker 10.1 for Word	Adobe PDF Library 10.0	Permit Denial for Outstanding Fines and Bond Forfeitures	Coalex State Inquiry Report - 55
134	coalex_290.pdf	dkovaluk	Acrobat PDFMaker 10.1 for Word	Adobe PDF Library 10.0	"Definition of ""higher and better use"""	COALEX State Inquiry Report - 290
135	coalex_327.pdf	dkovaluk	Acrobat PDFMaker 10.1 for Word	Adobe PDF Library 10.0	"Ownership and control: Defintion of ""controlled"""	COALEX State Inquiry Report - 327
136	coalex_350.pdf	dkovaluk	Acrobat PDFMaker 10.1 for Word	Adobe PDF Library 10.0	"Restoring the land to its premining ""capablity"""	COALEX State Inquiry Report - 350
137	coalex_003.pdf	dkovaluk	Microsoft® Word 2010	Microsoft® Word 2010	Performance Bonds and Outstanding Civil Penalties	Coalex State Inquiry Report -3
138	coalex_015.pdf	dkovaluk	Microsoft® Word 2010	Microsoft® Word 2010	Reprocessing of Abandoned Coal Refuse Piles and Coal Silt Dams on Abandoned Mine Lands	Coalex State Inquiry Report - 15
139	coalex_095.pdf	dkovaluk	Acrobat PDFMaker 10.1 for Word	Adobe PDF Library 10.0	Coal Exploration Notices: Legislative History	Coalex State Inquiry Report - 95
140	coalex_274.pdf	dkovaluk	Acrobat PDFMaker 10.1 for Word	Adobe PDF Library 10.0	"Permitting of the ""Shadow area"""	COALEX State Inquiry Report - 274
141	coalex_222.pdf	dkovaluk	Acrobat PDFMaker 10.1 for Word	Adobe PDF Library 10.0	Permit Revisions and midterm permit reviews	COALEX State Inquiry Report - 222
142	coalex_152.pdf	dkovaluk	Acrobat PDFMaker 10.1 for Word	Adobe PDF Library 10.0	Challenges to cumulative hydrologic impact assessments (CHIAs)	Coalex State Inquiry Report - 152
143	coalex_192.pdf	dkovaluk	Acrobat PDFMaker 10.1 for Word	Adobe PDF Library 10.0	Acid mine drainage	COALEX State Inquiry Report - 192
144	coalex_111.pdf	dkovaluk	Acrobat PDFMaker 10.1 for Word	Adobe PDF Library 10.0	Termination of juristdiction, wetland treatment of acid mine drainage, acid mine drainage off the permit area	Coalex State Inquiry Report - 111
145	coalex_219.pdf	dkovaluk	Acrobat PDFMaker 10.1 for Word	Adobe PDF Library 10.0	Definition of Impoundment (Includes Coalex Report no. 143)	COALEX State Inquiry Report - 219
146	coalex_097.pdf	dkovaluk	Acrobat PDFMaker 10.1 for Word	Adobe PDF Library 10.0	"Definition of ""Perennial Stream"""	Coalex State Inquiry Report - 97
147	coalex_134.pdf	dkovaluk	Acrobat PDFMaker 10.1 for Word	Adobe PDF Library 10.0	16 2/3 exemption (update of prior reports)	Coalex State Inquiry Report - 134
148	coalex_021.pdf	dkovaluk	Microsoft® Word 2010	Microsoft® Word 2010	Definition of Operator/Permit	Coalex State Inquiry Report - 21
149	coalex_315.pdf	dkovaluk	Acrobat PDFMaker 10.1 for Word	Adobe PDF Library 10.0	SOAP - 507(c)	COALEX State Inquiry Report - 315
150	coalex_158.pdf	dkovaluk	Acrobat PDFMaker 10.1 for Word	Adobe PDF Library 10.0	Citizens' suits: the 60-day letter	Coalex State Inquiry Report - 158
151	coalex_075.pdf	dkovaluk	Acrobat PDFMaker 10.1 for Word	Adobe PDF Library 10.0	Notices of Violations Issued by OSM	Coalex State Inquiry Report - 75
152	coalex_077.pdf	dkovaluk	Acrobat PDFMaker 10.1 for Word	Adobe PDF Library 10.0	"Definition of ""Patten of Violations"""	Coalex State Inquiry Report - 77
153	coalex_156.pdf	dkovaluk	Acrobat PDFMaker 10.1 for Word	Adobe PDF Library 10.0	"Land unsuitable for mining: Definition of ""renewable resource"" and ""fragile or historic lands"""	Coalex State Inquiry Report - 156
154	coalex_067.pdf	dkovaluk	Acrobat PDFMaker 10.1 for Word	Adobe PDF Library 10.0	Mine Subsidence Insurance 	Coalex State Inquiry Report - 67
155	coalex_200.pdf	dkovaluk	Acrobat PDFMaker 10.1 for Word	Adobe PDF Library 10.0	PHC/CHIA Data collection on public roads	COALEX State Inquiry Report - 200
156	coalex_177.pdf	dkovaluk	Acrobat PDFMaker 10.1 for Word	Adobe PDF Library 10.0	Subsidence control: 6 month notive	COALEX State Inquiry Report - 177
157	coalex_145.pdf	dkovaluk	Acrobat PDFMaker 10.1 for Word	Adobe PDF Library 10.0	Status of remining bills	Coalex State Inquiry Report - 145
158	coalex_283.pdf	dkovaluk	Acrobat PDFMaker 10.1 for Word	Adobe PDF Library 10.0	Transferablity of valid existing rights (VER)	COALEX State Inquiry Report - 283
159	coalex_112.pdf	dkovaluk	Acrobat PDFMaker 10.1 for Word	Adobe PDF Library 10.0	Revegetation: Timing 	Coalex State Inquiry Report - 112
160	coalex_225.pdf	dkovaluk	Acrobat PDFMaker 10.1 for Word	Adobe PDF Library 10.0	SMCRA, subsidence and abatement of a public nuisance	COALEX State Inquiry Report -225
161	coalex_261.pdf	dkovaluk	Acrobat PDFMaker 10.1 for Word	Adobe PDF Library 10.0	Signatures of the 300 foot waiver	COALEX State Inquiry Report - 261
162	coalex_264.pdf	dkovaluk	Acrobat PDFMaker 10.1 for Word	Adobe PDF Library 10.0	Mining within 300 feet of a public building	COALEX State Inquiry Report - 264
163	coalex_023.pdf	dkovaluk	Microsoft® Word 2010	Microsoft® Word 2010	Subsidence Regulations 	Coalex State Inquiry Report - 23
164	coalex_331.pdf	dkovaluk	Acrobat PDFMaker 10.1 for Word	Adobe PDF Library 10.0	Acid mine drainage/hydrologic balance	COALEX State Inquiry Report - 331
165	coalex_216.pdf	dkovaluk	Acrobat PDFMaker 10.1 for Word	Adobe PDF Library 10.0	Utah rules of permit transfers	COALEX State Inquiry Report - 216
166	coalex_333.pdf	dkovaluk	Acrobat PDFMaker 10.1 for Word	Adobe PDF Library 10.0	Takings	COALEX State Inquiry Report - 333
167	coalex_178.pdf	dkovaluk	Acrobat PDFMaker 10.1 for Word	Adobe PDF Library 10.0	Permitting of a temportaty public road	COALEX State Inquiry Report - 178
168	coalex_171.pdf	dkovaluk	Acrobat PDFMaker 10.1 for Word	Adobe PDF Library 10.0	Permit renewals: notifcation of sureties; liablities of sureties, Obtaining deficiency judgments against coal mining company stockholders	COALEX State Inquiry Report - 171
169	coalex_314.pdf	dkovaluk	Microsoft® Word 2010	Microsoft® Word 2010	Regulation of Non-coal on federal lands	COALEX State Inquiry Report - 314
170	coalex_029.pdf	dkovaluk	Microsoft® Word 2010	Microsoft® Word 2010	Case Inquiry	Coalex State Inquiry Report - 29
171	coalex_229.pdf	dkovaluk	Acrobat PDFMaker 10.1 for Word	Adobe PDF Library 10.0	Attorneys' Fees	COALEX State Inquiry Report - 229
172	coalex_188.pdf	dkovaluk	Acrobat PDFMaker 10.1 for Word	Adobe PDF Library 10.0	Abandoned mine land (AML) reclamation; excess spoil disposal	COALEX State Inquiry Report - 188
173	coalex_198.pdf	dkovaluk	Acrobat PDFMaker 10.1 for Word	Adobe PDF Library 10.0	"Definition of ""public facilities""; status of underground pipelines within SMCRA"	COALEX State Inquiry Report - 198
174	coalex_347.pdf	dkovaluk	Acrobat PDFMaker 10.1 for Word	Adobe PDF Library 10.0	State SMCRA program amendments relating to EPA regulations	COALEX State Inquiry Report - 347
175	coalex_102.pdf	dkovaluk	Acrobat PDFMaker 10.1 for Word	Adobe PDF Library 10.0	Forfeiture of Reclamation Bonds; Liability Period	Coalex State Inquiry Report - 102
176	coalex_009.pdf	dkovaluk	Microsoft® Word 2010	Microsoft® Word 2010	Indian Lands	Coalex State Inquiry Report - 9
177	coalex_042.pdf	dkovaluk	Microsoft® Word 2010	Microsoft® Word 2010	Pattern of Violations	Coalex State Inquiry Report - 42
178	coalex_317.pdf	dkovaluk	Acrobat PDFMaker 10.1 for Word	Adobe PDF Library 10.0	State regulations which are inconsistent with federal SMCRA	COALEX State Inquiry Report - 317
179	coalex_048.pdf	dkovaluk	Microsoft® Word 2010	Microsoft® Word 2010	Access and Haul Roads	Coalex State Inquiry Report - 48
180	coalex_300.pdf	dkovaluk	Acrobat PDFMaker 10.1 for Word	Adobe PDF Library 10.0	Denial of administrative expenses	COALEX State Inquiry Report - 300
181	coalex_176.pdf	dkovaluk	Acrobat PDFMaker 10.1 for Word	Adobe PDF Library 10.0	Substituting alternative materials for topsoil	COALEX State Inquiry Report - 176
182	coalex_275.pdf	dkovaluk	Acrobat PDFMaker 10.1 for Word	Adobe PDF Library 10.0	Revocation of permit as a result of administrative errors	COALEX State Inquiry Report - 275
183	coalex_132.pdf	dkovaluk	Microsoft® Word 2010	Microsoft® Word 2010	Inspection of blast records	Coalex State Inquiry Report - 132
184	coalex_018.pdf	dkovaluk	Microsoft® Word 2010	Microsoft® Word 2010	30 CFT SECS. 816, 817, 771, and 775	Coalex State Inquiry Report - 18
185	coalex_106.pdf	dkovaluk	Acrobat PDFMaker 10.1 for Word	Adobe PDF Library 10.0	Constituationality of the 300 foot waiver requirements	Coalex State Inquiry Report - 106
186	coalex_049.pdf	dkovaluk	Acrobat PDFMaker 10.1 for Word	Adobe PDF Library 10.0	Permit and Acreage Fees	Coalex State Inquiry Report - 49
187	coalex_251.pdf	dkovaluk	Acrobat PDFMaker 10.1 for Word	Adobe PDF Library 10.0	Bond forfeiture: Isuffiecient funds for reclamation	COALEX State Inquiry Report - 251
188	coalex_092.pdf	dkovaluk	Acrobat PDFMaker 10.1 for Word	Adobe PDF Library 10.0	Small Mine Exemptions	Coalex State Inquiry Report - 92 
189	coalex_316.pdf	dkovaluk	Acrobat PDFMaker 10.1 for Word	Adobe PDF Library 10.0	Coal refuse disposal in valleys with streams	COALEX State Inquiry Report - 316
190	coalex_027.pdf	dkovaluk	Microsoft® Word 2010	Microsoft® Word 2010	Attorney General Action for Collection 	Coalex State Inquiry Report - 27
191	coalex_326.pdf	dkovaluk	Acrobat PDFMaker 10.1 for Word	Adobe PDF Library 10.0	Perpayment of civil penalties	COALEX State Inquiry Report - 326
192	coalex_349.pdf	dkovaluk	Acrobat PDFMaker 10.1 for Word	Adobe PDF Library 10.0	Right of entry - inspector's presentation of credentials	COALEX State Inquiry Report - 349
193	coalex_151.pdf	dkovaluk	Acrobat PDFMaker 10.1 for Word	Adobe PDF Library 10.0	An oversight of significant issues	Coalex State Inquiry Report - 151
194	coalex_241.pdf	dkovaluk	Acrobat PDFMaker 10.1 for Word	Adobe PDF Library 10.0	Replacement of water supply - payment of ongoing costs	COALEX State Inquiry Report - 241
195	coalex_157.pdf	dkovaluk	Acrobat PDFMaker 10.1 for Word	Adobe PDF Library 10.0	"definition of ""Adjacent to"" under ""surface mining operations"""	Coalex State Inquiry Report - 157
196	coalex_119.pdf	dkovaluk	Acrobat PDFMaker 10.1 for Word	Adobe PDF Library 10.0	Bonding - Legislative History	Coalex State Inquiry Report - 119
197	coalex_122.pdf	dkovaluk	Acrobat PDFMaker 10.1 for Word	Adobe PDF Library 10.0	Permitting	Coalex State Inquiry Report - 122
198	coalex_022.pdf	dkovaluk	Microsoft® Word 2010	Microsoft® Word 2010	Dredging Operations	Coalex State Inquiry Report - 22
199	coalex_329.pdf	dkovaluk	Acrobat PDFMaker 10.1 for Word	Adobe PDF Library 10.0	Update on 16 2/3 exemptions, incidental development, defintition of mineral	COALEX State Inquiry Report - 329
200	coalex_114.pdf	dkovaluk	Acrobat PDFMaker 10.1 for Word	Adobe PDF Library 10.0	Survival of civili penalties	Coalex State Inquiry Report - 114
201	coalex_117.pdf	dkovaluk	Microsoft® Word 2010	Microsoft® Word 2010	Highwalll elimination: regulations of Indiana, Tennessee, West Virginia, Wyoming, Montana	Coalex State Inquiry Report - 117
202	coalex_138.pdf	dkovaluk	Acrobat PDFMaker 10.1 for Word	Adobe PDF Library 10.0	History of the two-acre exemption	Coalex State Inquiry Report - 138
203	coalex_309.pdf	dkovaluk	Acrobat PDFMaker 10.1 for Word	Adobe PDF Library 10.0	Imposition of individual civil penalties for corporate violations	COALEX State Inquiry Report - 309
204	coalex_296.pdf	dkovaluk	Acrobat PDFMaker 10.1 for Word	Adobe PDF Library 10.0	Landowner refusing right of entry for reclamation	COALEX State Inquiry Report - 296
205	coalex_203.pdf	dkovaluk	Acrobat PDFMaker 10.1 for Word	Adobe PDF Library 10.0	Water supply replacement for underground mining	COALEX State Inquiry Report - 203
206	coalex_129.pdf	dkovaluk	Acrobat PDFMaker 10.1 for Word	Adobe PDF Library 10.0	Landfill as a postmining land use	Coalex State Inquiry Report - 129
207	coalex_180.pdf	dkovaluk	Acrobat PDFMaker 10.1 for Word	Adobe PDF Library 10.0	Attorneys' fees in non-enforcement, non-adversarial proceedings	COALEX State Inquiry Report - 180
208	coalex_016.pdf	dkovaluk	Microsoft® Word 2010	Microsoft® Word 2010	Approximate Original Contour (AOC)	Coalex State Inquiry Report - 16
209	coalex_218.pdf	dkovaluk	Acrobat PDFMaker 10.1 for Word	Adobe PDF Library 10.0	Army corps of engineers	COALEX State Inquiry Report - 218
210	coalex_286.pdf	dkovaluk	Acrobat PDFMaker 10.1 for Word	Adobe PDF Library 10.0	Bond release on interim permit sites; controlling performance standards	COALEX State Inquiry Report - 286
211	coalex_059.pdf	dkovaluk	Acrobat PDFMaker 10.1 for Word	Adobe PDF Library 10.0	Coal Serverance Tax	Coalex State Inquiry Report - 59
212	coalex_126.pdf	dkovaluk	Acrobat PDFMaker 10.1 for Word	Adobe PDF Library 10.0	Fly ash disposal	Coalex State Inquiry Report - 126
213	coalex_046.pdf	dkovaluk	Microsoft® Word 2010	Microsoft® Word 2010	Access and Haul Roads	Coalex State Inquiry Report - 46
214	coalex_209.pdf	dkovaluk	Acrobat PDFMaker 10.1 for Word	Adobe PDF Library 10.0	Replacement of topsoil; permit requirements more stringent than regulations	COALEX State Inquiry Report - 209
215	coalex_113.pdf	dkovaluk	Microsoft® Word 2010	Microsoft® Word 2010	Definitions of soil and mineral	COALEX State Inquiry Report - 113
216	coalex_139.pdf	dkovaluk	Microsoft® Word 2010	Microsoft® Word 2010	Valid existing rights (VER) [Update of Coalex Report No.13]	Coalex State Inquiry Report - 139
217	coalex_189.pdf	dkovaluk	Acrobat PDFMaker 10.1 for Word	Adobe PDF Library 10.0	Subsidence and public land use; Takings	COALEX State Inquiry Report - 189
218	coalex_237.pdf	dkovaluk	Acrobat PDFMaker 10.1 for Word	Adobe PDF Library 10.0	Fugitive dust emission regulations 	COALEX State Inquiry Report - 237
219	coalex_081.pdf	dkovaluk	Acrobat PDFMaker 10.1 for Word	Adobe PDF Library 10.0	Coal Exploration	Coalex State Inquiry Report - 81
220	coalex_071.pdf	dkovaluk	Acrobat PDFMaker 10.1 for Word	Adobe PDF Library 10.0	AML Discretionary Fund	Coalex State Inquiry Report - 71
221	coalex_041.pdf	dkovaluk	Microsoft® Word 2010	Microsoft® Word 2010	Section 510(c): Owned or Controlled by	Coalex State Inquiry Report - 41
222	coalex_233.pdf	dkovaluk	Acrobat PDFMaker 10.1 for Word	Adobe PDF Library 10.0	Suspension or revocation of permit for insufficient information; Liablility for attorney's fees	COALEX State Inquiry Report - 233
223	coalex_093.pdf	dkovaluk	Acrobat PDFMaker 10.1 for Word	Adobe PDF Library 10.0	Water Rights and Replacement 	Coalex State Inquiry Report - 93
224	coalex_125.pdf	dkovaluk	Acrobat PDFMaker 10.1 for Word	Adobe PDF Library 10.0	Revegetation	Coalex State Inquiry Report - 124
225	coalex_224.pdf	dkovaluk	Acrobat PDFMaker 10.1 for Word	Adobe PDF Library 10.0	"Definitions of ""Operator"" and ""Permittee"""	COALEX State Inquiry Report - 224
226	coalex_195.pdf	dkovaluk	Acrobat PDFMaker 10.1 for Word	Adobe PDF Library 10.0	Reformation of bond	COALEX State Inquiry Report - 195
227	coalex_141.pdf	dkovaluk	Acrobat PDFMaker 10.1 for Word	Adobe PDF Library 10.0	Reduction of the mandatory civil penalty	Coalex State Inquiry Report - 141
228	coalex_058.pdf	dkovaluk	Acrobat PDFMaker 10.1 for Word	Adobe PDF Library 10.0	Revegetation Requirements (Addendum to Report - 53)	Coalex State Inquiry Report - 58
229	coalex_330.pdf	dkovaluk	Acrobat PDFMaker 10.1 for Word	Adobe PDF Library 10.0	"Guidelines on ""Best management practices"" for mining"	COALEX State Inquiry Report - 330
230	coalex_007.pdf	dkovaluk	Microsoft® Word 2010	Microsoft® Word 2010	Hydrologic and Geologic Permitting	Coalex State Inquiry Report - 7
231	coalex_121.pdf	dkovaluk	Acrobat PDFMaker 10.1 for Word	Adobe PDF Library 10.0	Coal Fines	Coalex State Inquiry Report - 121
232	coalex_272.pdf	dkovaluk	Acrobat PDFMaker 10.1 for Word	Adobe PDF Library 10.0	"Alluvial valley floors: Definition of ""not significant to farming"" or ""negligible impact of farm's agricultural production"""	COALEX State Inquiry Report - 272
233	coalex_220.pdf	dkovaluk	Acrobat PDFMaker 10.1 for Word	Adobe PDF Library 10.0	Petitions for costs, expenses and attorney's fees	COALEX State Inquiry Report - 220
234	coalex_032.pdf	dkovaluk	Microsoft® Word 2010	Microsoft® Word 2010	Bond Forfeiture (Addendum to Coalex State Inquiry Report - 5)	Coalex State Inquiry Report - 32
235	coalex_166.pdf	dkovaluk	Acrobat PDFMaker 10.1 for Word	Adobe PDF Library 10.0	Permitting of Wetlands- procedures for notifuying the army corps of engineers	COALEX State Inquiry Report - 166
236	coalex_179.pdf	dkovaluk	Acrobat PDFMaker 10.1 for Word	Adobe PDF Library 10.0	Inspectable Units list (IUL)	COALEX State Inquiry Report - 179
237	coalex_086.pdf	dkovaluk	Acrobat PDFMaker 10.1 for Word	Adobe PDF Library 10.0	"Definition of ""Offsite"""	Coalex State Inquiry Report - 86
238	coalex_052.pdf	dkovaluk	Acrobat PDFMaker 10.1 for Word	Adobe PDF Library 10.0	Abandoned Mine Lands/Heavy Equipment	Coalex State Inquiry Report - 52
239	coalex_318.pdf	dkovaluk	Acrobat PDFMaker 10.1 for Word	Adobe PDF Library 10.0	Government immunity: State's liability when cleaning up waste at AML sites	COALEX State Inquiry Report - 318
240	coalex_194.pdf	dkovaluk	Acrobat PDFMaker 10.1 for Word	Adobe PDF Library 10.0	Permitting of utility lines	COALEX State Inquiry Report - 194
241	coalex_204.pdf	dkovaluk	Acrobat PDFMaker 10.1 for Word	Adobe PDF Library 10.0	Length of time for permit approval	COALEX State Inquiry Report - 204
242	coalex_246.pdf	dkovaluk	Acrobat PDFMaker 10.1 for Word	Adobe PDF Library 10.0	Prime farmland conversion	COALEX State Inquiry Report - 246
243	coalex_273.pdf	dkovaluk	Acrobat PDFMaker 10.1 for Word	Adobe PDF Library 10.0	Temporary cessation of operations	COALEX State Inquiry Report - 273
244	coalex_136.pdf	dkovaluk	Acrobat PDFMaker 10.1 for Word	Adobe PDF Library 10.0	"Definition of ""In connection with"" under  ""surface mining operations"""	Coalex State Inquiry Report - 136
245	coalex_205.pdf	dkovaluk	Acrobat PDFMaker 10.1 for Word	Adobe PDF Library 10.0	Permitting of railroad sidings and spur lines	COALEX State Inquiry Report - 205
246	coalex_302.pdf	dkovaluk	Acrobat PDFMaker 10.1 for Word	Adobe PDF Library 10.0	Surface effects of underground non-coal mine	COALEX State Inquiry Report - 302
247	coalex_263.pdf	dkovaluk	Acrobat PDFMaker 10.1 for Word	Adobe PDF Library 10.0	Bond release/bond forfeiture	COALEX State Inquiry Report - 263
248	coalex_153.pdf	dkovaluk	Acrobat PDFMaker 10.1 for Word	Adobe PDF Library 10.0	"90-day abatement period - setting a ""reasonable time"" for abatement"	Coalex State Inquiry Report - 153
249	coalex_285.pdf	dkovaluk	Acrobat PDFMaker 10.1 for Word	Adobe PDF Library 10.0	Root material in topsoil	COALEX State Inquiry Report - 285
250	coalex_105.pdf	dkovaluk	Acrobat PDFMaker 10.1 for Word	Adobe PDF Library 10.0	Bond forfeiture -relationship of bond to permitted area	Coalex State Inquiry Report - 105
251	coalex_297.pdf	dkovaluk	Acrobat PDFMaker 10.1 for Word	Adobe PDF Library 10.0	Federal advisory committee act	COALEX State Inquiry Report - 297
252	coalex_249.pdf	dkovaluk	Acrobat PDFMaker 10.1 for Word	Adobe PDF Library 10.0	Initiation of operations	COALEX State Inquiry Report - 249
253	coalex_335.pdf	dkovaluk	Microsoft® Word 2010	Microsoft® Word 2010	Preblast survey	COALEX State Inquiry Report - 335
254	coalex_103.pdf	dkovaluk	Acrobat PDFMaker 10.1 for Word	Adobe PDF Library 10.0	30 CFR 816.95 or Stabilization of Suface Areas	Coalex State Inquiry Report - 103
255	coalex_322.pdf	dkovaluk	Acrobat PDFMaker 10.1 for Word	Adobe PDF Library 10.0	Settlement of civil penalties	COALEX State Inquiry Report - 322
256	coalex_242.pdf	dkovaluk	Acrobat PDFMaker 10.1 for Word	Adobe PDF Library 10.0	"Ten day notices: Definition of ""Abuse of Discretion"""	COALEX State Inquiry Report - 242
257	coalex_161.pdf	dkovaluk	Acrobat PDFMaker 10.1 for Word	Adobe PDF Library 10.0	"Lands unsuitable for mining: definition of ""natural hazard lands"""	Coalex State Inquiry Report - 161
258	coalex_321.pdf	dkovaluk	Acrobat PDFMaker 10.1 for Word	Adobe PDF Library 10.0	Transfer assignment or sale of permit rights	COALEX State Inquiry Report - 321
259	coalex_127.pdf	dkovaluk	Acrobat PDFMaker 10.1 for Word	Adobe PDF Library 10.0	Sealing exploratory drilled holes, sealing drilled holes in active permit areas	Coalex State Inquiry Report - 127
260	coalex_091.pdf	dkovaluk	Acrobat PDFMaker 10.1 for Word	Adobe PDF Library 10.0	Continually Created Valid Existing Rights	Coalex State Inquiry Report - 91
261	coalex_336.pdf	dkovaluk	Acrobat PDFMaker 10.1 for Word	Adobe PDF Library 10.0	Modification of a terminated NOV	COALEX State Inquiry Report - 336
262	coalex_115.pdf	dkovaluk	Acrobat PDFMaker 10.1 for Word	Adobe PDF Library 10.0	Exemption for governement-financed construction	Coalex State Inquiry Report - 115
263	coalex_260.pdf	dkovaluk	Acrobat PDFMaker 10.1 for Word	Adobe PDF Library 10.0	Disposal of excess spoil: Drainage controls for durable rock and valley fills	COALEX State Inquiry Report - 260
264	coalex_026.pdf	dkovaluk	Microsoft® Word 2010	Microsoft® Word 2010	Transportation Facilities/Surface Mining Operations/Bridges & Structures/AML Eligibily 	Coalex State Inquiry Report - 26
265	coalex_182.pdf	dkovaluk	Acrobat PDFMaker 10.1 for Word	Adobe PDF Library 10.0	Definition of soil and mineral	COALEX State Inquiry Report - 182
266	coalex_039.pdf	dkovaluk	Microsoft® Word 2010	Microsoft® Word 2010	Water Replacement, Bond Release	Coalex State Inquiry Report - 39
267	coalex_230.pdf	dkovaluk	Acrobat PDFMaker 10.1 for Word	Adobe PDF Library 10.0	"Definition of ""No continuing reclamation responsiblity"""	COALEX State Inquiry Report - 230
268	coalex_099.pdf	dkovaluk	Acrobat PDFMaker 10.1 for Word	Adobe PDF Library 10.0	Burden of Proof - Show Cause Orders	Coalex State Inquiry Report - 99
269	coalex_270.pdf	dkovaluk	Acrobat PDFMaker 10.1 for Word	Adobe PDF Library 10.0	"Definition of ""a loaded hole"""	COALEX State Inquiry Report - 270
270	coalex_047.pdf	dkovaluk	Microsoft® Word 2010	Microsoft® Word 2010	16 2/3 Exemption	Coalex State Inquiry Report - 47
271	coalex_066.pdf	dkovaluk	Acrobat PDFMaker 10.1 for Word	Adobe PDF Library 10.0	Judicial Review	Coalex State Inquiry Report - 66
272	coalex_123.pdf	dkovaluk	Acrobat PDFMaker 10.1 for Word	Adobe PDF Library 10.0	Prepayment of civil penalties	Coalex State Inquiry Report - 123
273	coalex_240.pdf	dkovaluk	Acrobat PDFMaker 10.1 for Word	Adobe PDF Library 10.0	Protection of mineral resources: local zoning ordinances	COALEX State Inquiry Report - 240
274	coalex_280.pdf	dkovaluk	Microsoft® Word 2010	Microsoft® Word 2010	Rescission procedures for improvidently issued permits	COALEX State Inquiry Report - 280
275	coalex_262.pdf	dkovaluk	Acrobat PDFMaker 10.1 for Word	Adobe PDF Library 10.0	"Non commercial use of ""other minerals"""	COALEX State Inquiry Report - 262
276	coalex_149.pdf	dkovaluk	Acrobat PDFMaker 10.1 for Word	Adobe PDF Library 10.0	Haul roads and valid existing rights	Coalex State Inquiry Report - 149
277	coalex_130.pdf	dkovaluk	Acrobat PDFMaker 10.1 for Word	Adobe PDF Library 10.0	Set-off of civil penalties from bond proceeds	Coalex State Inquiry Report - 130
278	coalex_164.pdf	dkovaluk	Acrobat PDFMaker 10.1 for Word	Adobe PDF Library 10.0	Rights of entry information in permit applications	Coalex State Inquiry Report - 164
279	coalex_186.pdf	dkovaluk	Microsoft® Word 2010	Microsoft® Word 2010	Subsidence insurance	COALEX State Inquiry Report - 186
280	coalex_169.pdf	dkovaluk	Acrobat PDFMaker 10.1 for Word	Adobe PDF Library 10.0	Ownership and control; Applicant violator system	COALEX State Inquiry Report - 169
281	coalex_187.pdf	dkovaluk	Acrobat PDFMaker 10.1 for Word	Adobe PDF Library 10.0	Revegetation productivity measurements for phase III bond release	COALEX State Inquiry Report - 187
282	coalex_341.pdf	dkovaluk	Microsoft® Word 2010	Microsoft® Word 2010	Approximate original contour (AOC)	COALEX State Inquiry Report - 341
283	coalex_165.pdf	dkovaluk	Acrobat PDFMaker 10.1 for Word	Adobe PDF Library 10.0	Permit Revisions	Coalex State Inquiry Report - 165
284	coalex_118.pdf	dkovaluk	Acrobat PDFMaker 10.1 for Word	Adobe PDF Library 10.0	Major/Minor permit revisions	Coalex State Inquiry Report - 118
285	coalex_061.pdf	dkovaluk	Acrobat PDFMaker 10.1 for Word	Adobe PDF Library 10.0	60% Bond Release Requirements	Coalex State Inquiry Report - 61
286	coalex_002.pdf	dkovaluk	Microsoft® Word 2010	Microsoft® Word 2010	Pendalty Assessment; Administrative Proceedings	Coalex State Inquiry Reporty -2
287	coalex_305.pdf	dkovaluk	Acrobat PDFMaker 10.1 for Word	Adobe PDF Library 10.0	"""Substantial economic loss"" or ""conditions beyond the control of the permittee"" as reason for extending the initiation of operations"	COALEX State Inquiry Report - 305
288	coalex_313.pdf	dkovaluk	Microsoft® Word 2010	Microsoft® Word 2010	Legislative history of surface mining regulation	COALEX State Inquiry Report - 313
289	coalex_340.pdf	dkovaluk	Acrobat PDFMaker 10.1 for Word	Adobe PDF Library 10.0	10-year 24-hour precipitation events	COALEX State Inquiry Report - 340
290	coalex_207.pdf	dkovaluk	Acrobat PDFMaker 10.1 for Word	Adobe PDF Library 10.0	Environmental externalities	COALEX State Inquiry Report - 207
291	coalex_338.pdf	dkovaluk	Acrobat PDFMaker 10.1 for Word	Adobe PDF Library 10.0	Definition and disposal of coal processing water 	COALEX State Inquiry Report - 338
292	coalex_278.pdf	dkovaluk	Microsoft® Word 2010	Microsoft® Word 2010	Availability of permit,inspectionnd enforecement records	COALEX State Inquiry Report - 278
293	coalex_168.pdf	dkovaluk	Acrobat PDFMaker 10.1 for Word	Adobe PDF Library 10.0	Confidenciality of coal ownership information in permit applications	COALEX State Inquiry Report - 168
294	coalex_155.pdf	dkovaluk	Acrobat PDFMaker 10.1 for Word	Adobe PDF Library 10.0	Lands unsuitable for mining and valid existing rights in a severed mineral situation	Coalex State Inquiry Report - 155
295	coalex_019.pdf	dkovaluk	Microsoft® Word 2010	Microsoft® Word 2010	"Interpretation of ""In Accordance With"" and ""Consistent With"""	Coalex State Inquiry Report - 19
296	coalex_008.pdf	dkovaluk	Microsoft® Word 2010	Microsoft® Word 2010	Delays in Reclamiation Amendments Submitted by Kentucky 	Coalex State Inquiry Report - 8
297	coalex_060.pdf	dkovaluk	Acrobat PDFMaker 10.1 for Word	Adobe PDF Library 10.0	Cessation Order (CO)	Coalex State Inquiry Report - 60
298	coalex_303.pdf	dkovaluk	Acrobat PDFMaker 10.1 for Word	Adobe PDF Library 10.0	Retirement of partner from continuing partnership; coal removal incident to private developement	COALEX State Inquiry Report - 303
299	coalex_137.pdf	dkovaluk	Acrobat PDFMaker 10.1 for Word	Adobe PDF Library 10.0	Updated information on bond rates	Coalex State Inquiry Report - 137
300	coalex_051.pdf	dkovaluk	Acrobat PDFMaker 10.1 for Word	Adobe PDF Library 10.0	Prime Farmlands Regulations	Coalex State Inquiry Report - 51
301	coalex_293.pdf	dkovaluk	Acrobat PDFMaker 10.1 for Word	Adobe PDF Library 10.0	Moving equipment off permit area	COALEX State Inquiry Report - 293
302	coalex_012.pdf	dkovaluk	Microsoft® Word 2010	Microsoft® Word 2010	$750/Day Civil Penalty	Coalex State Inquiry Report - 12
303	coalex_267.pdf	dkovaluk	Acrobat PDFMaker 10.1 for Word	Adobe PDF Library 10.0	Alternative to topsoil	COALEX State Inquiry Report - 267
304	coalex_245.pdf	dkovaluk	Microsoft® Word 2010	Microsoft® Word 2010	Regulation of ash disposal	COALEX State Inquiry Report - 245
305	coalex_154.pdf	dkovaluk	Acrobat PDFMaker 10.1 for Word	Adobe PDF Library 10.0	State permitting of federal lands	Coalex State Inquiry Report - 154
306	coalex_323.pdf	dkovaluk	Acrobat PDFMaker 10.1 for Word	Adobe PDF Library 10.0	"Definition of: ""All anticipated mining in cumulative impact area"""	COALEX State Inquiry Report - 323
307	coalex_150.pdf	dkovaluk	Acrobat PDFMaker 10.1 for Word	Adobe PDF Library 10.0	Bonding for long-term facilities	COALEX State Report - 150
308	coalex_206.pdf	dkovaluk	Acrobat PDFMaker 10.1 for Word	Adobe PDF Library 10.0	Liability period for alternative postmining land use	COALEX State Inquiry Report - 206
309	coalex_082.pdf	dkovaluk	Acrobat PDFMaker 10.1 for Word	Adobe PDF Library 10.0	Acid Mine Drainage Articles 	Coalex State Inquiry Report - 82
310	coalex_014.pdf	dkovaluk	Microsoft® Word 2010	Microsoft® Word 2010	Self-Bonding	Coalex State Inquiry Report - 14
311	coalex_024.pdf	dkovaluk	Microsoft® Word 2010	Microsoft® Word 2010	16 2/3 Exemption	Coalex State Inquiry Report - 24
312	coalex_110.pdf	dkovaluk	Acrobat PDFMaker 10.1 for Word	Adobe PDF Library 10.0	"Extention of the 90-day abatement period for ""good cause shown"""	Coalex State Inquiry Report - 110
313	coalex_184.pdf	dkovaluk	Acrobat PDFMaker 10.1 for Word	Adobe PDF Library 10.0	Use of letter of credit as reclamation bonds	COALEX State Inquiry Report - 184
314	coalex_050.pdf	dkovaluk	Acrobat PDFMaker 10.1 for Word	Adobe PDF Library 10.0	Bond Release (Addendum to Coalex State Inquiry Report - 39)	Coalex State Inquiry Report - 50
315	coalex_339.pdf	dkovaluk	Acrobat PDFMaker 10.1 for Word	Adobe PDF Library 10.0	Legislative history of SMCRA sections 506, 507, and 510	COALEX State Inquiry Report - 339
316	coalex_265.pdf	dkovaluk	Acrobat PDFMaker 10.1 for Word	Adobe PDF Library 10.0	733 procedures	COALEX State Inquiry Report - 265
317	coalex_208.pdf	dkovaluk	Acrobat PDFMaker 10.1 for Word	Adobe PDF Library 10.0	Extension of conditions on federal coal lease to state's permit of privately-owned surface	COALEX State Inquiry Report - 208
318	coalex_235.pdf	dkovaluk	Acrobat PDFMaker 10.1 for Word	Adobe PDF Library 10.0	"Definition of ""Material damage"" Re. Hydrologic balance outside the permit area"	COALEX State Inquiry Report - 235
319	coalex_284.pdf	dkovaluk	Acrobat PDFMaker 10.1 for Word	Adobe PDF Library 10.0	Changes in approved drainage design	COALEX State Inquiry Report - 284
320	coalex_040.pdf	dkovaluk	Microsoft® Word 2010	Microsoft® Word 2010	Cessation Orders, 30 CFR Sec. 843.11(e)	Coalex State Inquiry Report - 40
321	coalex_320.pdf	dkovaluk	Acrobat PDFMaker 10.1 for Word	Adobe PDF Library 10.0	Regulation of sites with oil or gas operations and coal mining operations	COALEX State Inquiry Report - 320
322	coalex_076.pdf	dkovaluk	Acrobat PDFMaker 10.1 for Word	Adobe PDF Library 10.0	 Exploration Permit Terms	Coalex State Inquiry Report - 76
323	coalex_276.pdf	dkovaluk	Acrobat PDFMaker 10.1 for Word	Adobe PDF Library 10.0	"Definition of ""current prudent engineering practices"	COALEX State Inquiry Report - 276
324	coalex_057.pdf	dkovaluk	Acrobat PDFMaker 10.1 for Word	Adobe PDF Library 10.0	"State Regulatory Program/""Applicable Requirements"""	Coalex State Inquiry Report - 57
325	coalex_324.pdf	dkovaluk	Acrobat PDFMaker 10.1 for Word	Adobe PDF Library 10.0	"Surface mining permit as ""Property of the estate"" of bankrupt operator"	COALEX State Inquiry Report - 324
326	coalex_306.pdf	dkovaluk	Acrobat PDFMaker 10.1 for Word	Adobe PDF Library 10.0	Procedures for forfeiture of surety bonds	COALEX State Inquiry Report - 306
327	coalex_202.pdf	dkovaluk	Acrobat PDFMaker 10.1 for Word	Adobe PDF Library 10.0	Offsite disposal of excess spoil	COALEX State Inquiry Report - 202
328	coalex_146.pdf	dkovaluk	Acrobat PDFMaker 10.1 for Word	Adobe PDF Library 10.0	Surety's Right to a hearing in bond foreiture porceedings	Coalex State Inquiry Report - 146
329	coalex_140.pdf	dkovaluk	Acrobat PDFMaker 10.1 for Word	Adobe PDF Library 10.0	State surface coal mine regulations pre-SMCRA	Coalex State Inquiry Report - 140
330	coalex_212.pdf	dkovaluk	Acrobat PDFMaker 10.1 for Word	Adobe PDF Library 10.0	Discretion to waive civil penalties	COALEX State Inquiry Report - 212
331	coalex_085.pdf	dkovaluk	Acrobat PDFMaker 10.1 for Word	Adobe PDF Library 10.0	Legislative History of SMCRA Sec. 522(a)(3)(A) and (B)	Coalex State Inquiry Report - 85
332	coalex_063.pdf	dkovaluk	Acrobat PDFMaker 10.1 for Word	Adobe PDF Library 10.0	Postmining Land Uses	Coalex State Inquiry Report - 63
333	coalex_183.pdf	dkovaluk	Acrobat PDFMaker 10.1 for Word	Adobe PDF Library 10.0	"Unwarranted failure to comply: definition of ""indifference"", ""lack of diligence"" and ""lack of reasonable care"""	COALEX State Inquiry Report - 183
334	coalex_255.pdf	dkovaluk	Acrobat PDFMaker 10.1 for Word	Adobe PDF Library 10.0	"Definition of ""adversely affect any publicly owned pak"" Prohibition against mining within 300 feet of a public park"	COALEX State Inquiry Report - 255
335	coalex_101.pdf	dkovaluk	Acrobat PDFMaker 10.1 for Word	Adobe PDF Library 10.0	Permit Information Re. The Right to Subside	Coalex State Inquiry Report - 101
336	coalex_078.pdf	dkovaluk	Acrobat PDFMaker 10.1 for Word	Adobe PDF Library 10.0	Coal Exploration: Drilling 	Coalex State Inquiry Report - 78
337	coalex_217.pdf	dkovaluk	Acrobat PDFMaker 10.1 for Word	Adobe PDF Library 10.0	SMCRA-Related Amendments to HR 776, The national energy Bill (5/92)	COALEX State Inquiry Report - 217
338	coalex_247.pdf	dkovaluk	Acrobat PDFMaker 10.1 for Word	Adobe PDF Library 10.0	Coal severance tax	COALEX State Inquiry Report - 247
339	coalex_193.pdf	dkovaluk	Acrobat PDFMaker 10.1 for Word	Adobe PDF Library 10.0	Failure to maintain sediment ponds (Siltation structures)	COALEX State Inquiry Report - 193
340	coalex_036.pdf	dkovaluk	Microsoft® Word 2010	Microsoft® Word 2010	AML Funds/States 50% Allocation 	Coalex State Inquiry Report - 36
341	coalex_074.pdf	dkovaluk	Acrobat PDFMaker 10.1 for Word	Adobe PDF Library 10.0	Civil Penalty/Reclamation Requirements	Coalex State Inquiry Report - 74
342	coalex_017.pdf	dkovaluk	Microsoft® Word 2010	Microsoft® Word 2010	Permit and Acreage Fees	Coalex State Inquiry Report - 17
343	coalex_250.pdf	dkovaluk	Acrobat PDFMaker 10.1 for Word	Adobe PDF Library 10.0	Ver: Rights of way or easements for railroads	COALEX State Inquiry Report - 250
344	coalex_090.pdf	dkovaluk	Acrobat PDFMaker 10.1 for Word	Adobe PDF Library 10.0	Damage From Previous Mining	Coalex State Inquiry Report - 90
345	coalex_073.pdf	dkovaluk	Acrobat PDFMaker 10.1 for Word	Adobe PDF Library 10.0	Impoundment Banks	Coalex State Inquiry Report - 73
346	coalex_268.pdf	dkovaluk	Acrobat PDFMaker 10.1 for Word	Adobe PDF Library 10.0	Improvidently issued permit	COALEX State Inquiry Report - 268
347	coalex_310.pdf	dkovaluk	Acrobat PDFMaker 10.1 for Word	Adobe PDF Library 10.0	Postmining land use change - surface mining	COALEX State Inquiry Report - 310
